Service,UnblendedCost,UsageQuantity,UsageType,Region,Tier,InvoiceID,RecordType
AmazonEC2,38.6383,557.92,MetricMonitorUsage,ap-south-1,tier3,INV-1000,LineItem
AmazonDynamoDB,43.9032,608.94,DataTransfer-Out-Bytes,us-east-1,tier3,INV-1001,LineItem
AmazonEBS,20.2729,296.7,MetricMonitorUsage,eu-west-1,tier3,INV-1002,LineItem
AmazonS3,28.9775,658.23,DataTransfer-Out-Bytes,sa-east-1,tier3,INV-1003,LineItem
AmazonCloudWatch,24.9608,51.15,TimedStorage-ByteHrs,eu-west-1,tier3,INV-1004,LineItem
AmazonRDS,28.4286,606.49,PublishUsage,sa-east-1,tier3,INV-1005,LineItem
AmazonEBS,40.1915,622.73,Requests-Tier2,us-east-1,tier3,INV-1006,LineItem
AmazonSQS,21.0078,35.14,MetricMonitorUsage,us-east-1,tier3,INV-1007,LineItem
AmazonCloudWatch,33.5168,774.01,BoxUsage:t3.small,ap-south-1,tier3,INV-1008,LineItem
AmazonVPC,16.677,375.7,Requests-Tier2,us-west-2,tier3,INV-1009,LineItem
AmazonEBS,21.412,181.6,DataTransfer-Out-Bytes,eu-west-1,tier3,INV-1010,LineItem
AmazonS3,19.6775,666.16,Lambda-GB-Second,ap-south-1,tier3,INV-1011,LineItem
AmazonVPC,37.4534,643.83,WriteCapacityUnit-Hrs,us-east-1,tier3,INV-1012,LineItem
AWSLambda,12.9819,546.03,PublishUsage,us-west-2,tier3,INV-1013,LineItem
AmazonVPC,0.3412,629.56,BoxUsage:t3.small,sa-east-1,tier3,INV-1014,LineItem
AmazonS3,31.7354,624.61,MetricMonitorUsage,ap-south-1,tier3,INV-1015,LineItem
AmazonCloudWatch,6.2995,91.71,TimedStorage-ByteHrs,eu-west-1,tier3,INV-1016,LineItem
AmazonCloudWatch,21.2046,452.23,TimedStorage-ByteHrs,ap-south-1,tier3,INV-1017,LineItem
AmazonEC2,24.9155,447.41,MetricMonitorUsage,eu-west-1,tier3,INV-1018,LineItem
AmazonVPC,1.3965,349.43,MetricMonitorUsage,us-west-2,tier3,INV-1019,LineItem
AmazonSQS,38.4046,187.23,DataTransfer-Out-Bytes,us-west-2,tier3,INV-1020,LineItem
AmazonDynamoDB,12.6695,234.95,MetricMonitorUsage,us-east-1,tier3,INV-1021,LineItem
AmazonDynamoDB,35.2776,531.48,ReadCapacityUnit-Hrs,us-east-1,tier3,INV-1022,LineItem
AmazonCloudWatch,36.6328,133.66,Requests-Tier2,eu-west-1,tier3,INV-1023,LineItem
AWSLambda,32.5089,369.56,BoxUsage:t3.micro,us-east-1,tier3,INV-1024,LineItem
AmazonEC2,22.552,121.93,WriteCapacityUnit-Hrs,us-east-1,tier3,INV-1025,LineItem
AmazonDynamoDB,17.1521,241.28,WriteCapacityUnit-Hrs,eu-west-1,tier3,INV-1026,LineItem
AmazonDynamoDB,16.2879,70.21,WriteCapacityUnit-Hrs,ap-south-1,tier3,INV-1027,LineItem
AWSLambda,40.887,559.8,BoxUsage:t3.small,us-west-2,tier3,INV-1028,LineItem
AmazonSQS,43.6132,623.02,TimedStorage-ByteHrs,us-west-2,tier3,INV-1029,LineItem
AmazonRDS,12.2581,77.2,WriteCapacityUnit-Hrs,ap-south-1,tier3,INV-1030,LineItem
AmazonDynamoDB,20.5154,161.97,TimedStorage-ByteHrs,sa-east-1,tier3,INV-1031,LineItem
AmazonEBS,7.963,685.31,Requests-Tier1,sa-east-1,tier3,INV-1032,LineItem
AmazonCloudWatch,32.3786,345.73,BoxUsage:t3.micro,ap-south-1,tier3,INV-1033,LineItem
AWSLambda,29.2466,67.65,ReadCapacityUnit-Hrs,us-east-1,tier3,INV-1034,LineItem
AmazonCloudWatch,1.8822,395.24,MetricMonitorUsage,eu-west-1,tier3,INV-1035,LineItem
AmazonS3,4.6621,470.16,Requests-Tier1,ap-south-1,tier3,INV-1036,LineItem
AmazonS3,41.6312,464.89,MetricMonitorUsage,us-east-1,tier3,INV-1037,LineItem
AmazonDynamoDB,1.0359,766.85,Requests-Tier2,ap-south-1,tier3,INV-1038,LineItem
AmazonCloudWatch,35.2253,66.28,TimedStorage-ByteHrs,eu-west-1,tier3,INV-1039,LineItem
AmazonRDS,42.2028,457.43,TimedStorage-ByteHrs,ap-south-1,tier3,INV-1040,LineItem
AmazonDynamoDB,12.0212,265.32,Lambda-GB-Second,eu-west-1,tier3,INV-1041,LineItem
AmazonCloudWatch,0.9823,661.05,Lambda-GB-Second,sa-east-1,tier3,INV-1042,LineItem
AmazonDynamoDB,6.3198,443.27,BoxUsage:t3.micro,sa-east-1,tier3,INV-1043,LineItem
AWSLambda,12.6627,527.57,BoxUsage:t3.small,ap-south-1,tier3,INV-1044,LineItem
AmazonVPC,34.5915,86.28,WriteCapacityUnit-Hrs,ap-south-1,tier3,INV-1045,LineItem
AmazonVPC,1.6932,443.93,PublishUsage,sa-east-1,tier3,INV-1046,LineItem
AmazonRDS,37.3422,646.62,Lambda-GB-Second,us-west-2,tier3,INV-1047,LineItem
AmazonSQS,13.0984,412.09,Requests-Tier1,us-west-2,tier3,INV-1048,LineItem
AmazonSQS,42.1226,131.77,PublishUsage,us-west-2,tier3,INV-1049,LineItem
AmazonCloudWatch,44.657,713.35,BoxUsage:t3.micro,us-west-2,tier3,INV-1050,LineItem
AmazonDynamoDB,40.0868,714.77,BoxUsage:t3.small,ap-south-1,tier3,INV-1051,LineItem
AmazonS3,34.7428,529.36,Lambda-GB-Second,eu-west-1,tier3,INV-1052,LineItem
AWSLambda,4.2601,597.46,Requests-Tier2,us-west-2,tier3,INV-1053,LineItem
AWSLambda,10.8513,98.29,Requests-Tier1,us-east-1,tier3,INV-1054,LineItem
AmazonSQS,6.9063,143.5,BoxUsage:t3.micro,sa-east-1,tier3,INV-1055,LineItem
AWSLambda,8.8476,248.33,ReadCapacityUnit-Hrs,ap-south-1,tier3,INV-1056,LineItem
AmazonSNS,43.7325,400.64,SQS-APIRequest,ap-south-1,tier3,INV-1057,LineItem
AmazonDynamoDB,10.3422,105.54,BoxUsage:t3.small,sa-east-1,tier3,INV-1058,LineItem
AmazonEC2,5.4912,405.11,BoxUsage:t3.micro,ap-south-1,tier3,INV-1059,LineItem
AmazonSQS,8.9979,643.32,WriteCapacityUnit-Hrs,ap-south-1,tier3,INV-1060,LineItem
AmazonCloudWatch,33.2569,104.93,BoxUsage:t3.micro,ap-south-1,tier3,INV-1061,LineItem
AmazonDynamoDB,17.897,240.83,BoxUsage:t3.small,eu-west-1,tier3,INV-1062,LineItem
AmazonSQS,29.8323,764.5,BoxUsage:t3.small,eu-west-1,tier3,INV-1063,LineItem
AmazonCloudWatch,1.1284,444.2,Requests-Tier1,sa-east-1,tier3,INV-1064,LineItem
AmazonSQS,4.7743,112.36,BoxUsage:t3.small,ap-south-1,tier3,INV-1065,LineItem
AmazonEBS,26.826,746.43,TimedStorage-ByteHrs,us-east-1,tier3,INV-1066,LineItem
AmazonSQS,21.0375,627.83,WriteCapacityUnit-Hrs,sa-east-1,tier3,INV-1067,LineItem
AmazonSNS,37.326,637.47,BoxUsage:t3.micro,ap-south-1,tier3,INV-1068,LineItem
AmazonS3,23.8893,484.85,TimedStorage-ByteHrs,us-west-2,tier3,INV-1069,LineItem
AmazonSQS,18.5716,299.41,PublishUsage,ap-south-1,tier3,INV-1070,LineItem
AmazonVPC,29.3404,694.01,SQS-APIRequest,eu-west-1,tier3,INV-1071,LineItem
AmazonRDS,10.6574,596.84,TimedStorage-ByteHrs,eu-west-1,tier3,INV-1072,LineItem
AmazonRDS,4.7465,53.34,PublishUsage,sa-east-1,tier3,INV-1073,LineItem
AmazonDynamoDB,37.1116,248.34,ReadCapacityUnit-Hrs,us-west-2,tier3,INV-1074,LineItem
AmazonS3,41.4445,132.51,SQS-APIRequest,us-east-1,tier3,INV-1075,LineItem
AmazonS3,5.2059,17.02,Requests-Tier1,eu-west-1,tier3,INV-1076,LineItem
AmazonS3,7.8671,42.8,WriteCapacityUnit-Hrs,us-east-1,tier3,INV-1077,LineItem
AmazonDynamoDB,17.7194,254.46,ReadCapacityUnit-Hrs,eu-west-1,tier3,INV-1078,LineItem
AmazonVPC,39.3765,680.92,SQS-APIRequest,eu-west-1,tier3,INV-1079,LineItem
AmazonCloudWatch,10.6612,199.59,BoxUsage:t3.micro,eu-west-1,tier3,INV-1080,LineItem
AmazonS3,18.7376,39.5,ReadCapacityUnit-Hrs,eu-west-1,tier3,INV-1081,LineItem
AmazonEC2,4.5842,666.78,Requests-Tier2,sa-east-1,tier3,INV-1082,LineItem
AmazonCloudWatch,41.6186,79.38,BoxUsage:t3.small,us-east-1,tier3,INV-1083,LineItem
AmazonSNS,44.0809,641.64,PublishUsage,sa-east-1,tier3,INV-1084,LineItem
AmazonSQS,28.9153,623.22,Lambda-GB-Second,ap-south-1,tier3,INV-1085,LineItem
AmazonEBS,23.1449,686.07,BoxUsage:t3.small,sa-east-1,tier3,INV-1086,LineItem
AmazonCloudWatch,17.3352,511.69,PublishUsage,eu-west-1,tier3,INV-1087,LineItem
AmazonRDS,21.5097,333.57,Requests-Tier1,us-east-1,tier3,INV-1088,LineItem
AmazonS3,16.5444,293.18,ReadCapacityUnit-Hrs,us-west-2,tier3,INV-1089,LineItem
AmazonEBS,30.8616,237.57,Requests-Tier1,eu-west-1,tier3,INV-1090,LineItem
AWSLambda,41.2365,384.78,MetricMonitorUsage,sa-east-1,tier3,INV-1091,LineItem
AmazonEBS,38.1867,522.1,Requests-Tier1,eu-west-1,tier3,INV-1092,LineItem
AmazonCloudWatch,23.9772,506.37,DataTransfer-Out-Bytes,sa-east-1,tier3,INV-1093,LineItem
AmazonEC2,9.1162,555.87,Requests-Tier1,us-east-1,tier3,INV-1094,LineItem
AmazonEBS,5.9533,491.54,Lambda-GB-Second,sa-east-1,tier3,INV-1095,LineItem
AmazonVPC,3.8113,748.76,BoxUsage:t3.small,ap-south-1,tier3,INV-1096,LineItem
AmazonEBS,43.15,640.73,WriteCapacityUnit-Hrs,us-east-1,tier3,INV-1097,LineItem
AmazonDynamoDB,35.7822,756.83,ReadCapacityUnit-Hrs,eu-west-1,tier3,INV-1098,LineItem
AmazonEBS,26.5575,76.13,BoxUsage:t3.small,us-west-2,tier3,INV-1099,LineItem
AmazonCloudWatch,25.4271,457.99,ReadCapacityUnit-Hrs,us-east-1,tier3,INV-1100,LineItem
AmazonS3,23.5232,611.16,TimedStorage-ByteHrs,eu-west-1,tier3,INV-1101,LineItem
AmazonSQS,26.9857,745.0,MetricMonitorUsage,eu-west-1,tier3,INV-1102,LineItem
AmazonDynamoDB,5.2785,70.26,PublishUsage,us-east-1,tier3,INV-1103,LineItem
AmazonDynamoDB,34.8467,537.02,ReadCapacityUnit-Hrs,ap-south-1,tier3,INV-1104,LineItem
AmazonDynamoDB,40.4275,610.05,WriteCapacityUnit-Hrs,us-west-2,tier3,INV-1105,LineItem
AmazonVPC,14.1567,126.17,Requests-Tier1,ap-south-1,tier3,INV-1106,LineItem
AWSLambda,42.1264,350.38,SQS-APIRequest,us-east-1,tier3,INV-1107,LineItem
AmazonEBS,24.8892,748.92,Requests-Tier2,us-east-1,tier3,INV-1108,LineItem
AmazonEBS,21.5768,301.15,Requests-Tier2,ap-south-1,tier3,INV-1109,LineItem
AmazonVPC,42.8042,94.87,SQS-APIRequest,us-east-1,tier3,INV-1110,LineItem
AmazonEBS,28.672,97.63,Requests-Tier1,sa-east-1,tier3,INV-1111,LineItem
AmazonDynamoDB,0.5635,363.51,ReadCapacityUnit-Hrs,us-east-1,tier3,INV-1112,LineItem
AmazonVPC,13.2982,366.89,WriteCapacityUnit-Hrs,sa-east-1,tier3,INV-1113,LineItem
AWSLambda,41.3307,625.06,TimedStorage-ByteHrs,us-east-1,tier3,INV-1114,LineItem
AWSLambda,44.8666,703.37,Lambda-GB-Second,us-east-1,tier3,INV-1115,LineItem
AmazonVPC,4.7978,799.28,Requests-Tier1,ap-south-1,tier3,INV-1116,LineItem
AmazonSNS,29.2591,72.44,BoxUsage:t3.micro,ap-south-1,tier3,INV-1117,LineItem
AmazonVPC,10.8449,114.5,PublishUsage,sa-east-1,tier3,INV-1118,LineItem
AmazonEC2,8.9272,728.52,PublishUsage,ap-south-1,tier3,INV-1119,LineItem
AmazonRDS,0.2543,41.42,ReadCapacityUnit-Hrs,sa-east-1,tier3,INV-1120,LineItem
AmazonEC2,36.0687,190.92,MetricMonitorUsage,ap-south-1,tier3,INV-1121,LineItem
AmazonRDS,36.0454,742.24,PublishUsage,us-west-2,tier3,INV-1122,LineItem
AmazonEC2,31.4185,670.4,BoxUsage:t3.small,ap-south-1,tier3,INV-1123,LineItem
AmazonDynamoDB,5.6303,403.67,BoxUsage:t3.micro,eu-west-1,tier3,INV-1124,LineItem
AmazonRDS,28.3542,680.92,Lambda-GB-Second,ap-south-1,tier3,INV-1125,LineItem
AmazonDynamoDB,8.6949,216.68,BoxUsage:t3.small,sa-east-1,tier3,INV-1126,LineItem
AmazonEBS,44.1094,489.27,BoxUsage:t3.small,ap-south-1,tier3,INV-1127,LineItem
AmazonCloudWatch,1.9154,707.33,BoxUsage:t3.micro,us-east-1,tier3,INV-1128,LineItem
AmazonVPC,7.799,73.47,TimedStorage-ByteHrs,ap-south-1,tier3,INV-1129,LineItem
AmazonEBS,20.6406,627.29,DataTransfer-Out-Bytes,us-west-2,tier3,INV-1130,LineItem
AmazonSQS,25.7629,116.19,Requests-Tier1,ap-south-1,tier3,INV-1131,LineItem
AmazonRDS,26.015,559.85,SQS-APIRequest,eu-west-1,tier3,INV-1132,LineItem
AWSLambda,42.3273,118.84,Requests-Tier1,ap-south-1,tier3,INV-1133,LineItem
AmazonDynamoDB,21.3429,95.46,Lambda-GB-Second,ap-south-1,tier3,INV-1134,LineItem
AmazonDynamoDB,12.5206,243.83,SQS-APIRequest,us-east-1,tier3,INV-1135,LineItem
AmazonVPC,28.562,329.51,TimedStorage-ByteHrs,ap-south-1,tier3,INV-1136,LineItem
AmazonVPC,9.8011,470.69,BoxUsage:t3.small,eu-west-1,tier3,INV-1137,LineItem
AmazonVPC,18.8338,379.36,Requests-Tier1,sa-east-1,tier3,INV-1138,LineItem
AmazonEC2,25.7649,452.66,BoxUsage:t3.small,us-west-2,tier3,INV-1139,LineItem
AmazonCloudWatch,29.363,253.04,WriteCapacityUnit-Hrs,eu-west-1,tier3,INV-1140,LineItem
AmazonVPC,24.716,345.19,DataTransfer-Out-Bytes,ap-south-1,tier3,INV-1141,LineItem
AmazonCloudWatch,23.0781,589.39,ReadCapacityUnit-Hrs,eu-west-1,tier3,INV-1142,LineItem
AWSLambda,41.4484,402.96,Lambda-GB-Second,sa-east-1,tier3,INV-1143,LineItem
AmazonEBS,14.1571,669.92,Lambda-GB-Second,us-west-2,tier3,INV-1144,LineItem
AmazonEBS,5.2224,57.74,Requests-Tier2,eu-west-1,tier3,INV-1145,LineItem
AmazonSNS,12.6347,267.37,PublishUsage,sa-east-1,tier3,INV-1146,LineItem
AmazonEC2,14.1321,594.18,TimedStorage-ByteHrs,us-east-1,tier3,INV-1147,LineItem
AmazonSQS,38.5461,297.87,BoxUsage:t3.micro,eu-west-1,tier3,INV-1148,LineItem
AmazonSNS,27.0418,95.83,WriteCapacityUnit-Hrs,us-east-1,tier3,INV-1149,LineItem
AmazonCloudWatch,44.7959,617.71,Requests-Tier2,eu-west-1,tier3,INV-1150,LineItem
AmazonSQS,30.9481,564.35,TimedStorage-ByteHrs,us-west-2,tier3,INV-1151,LineItem
AmazonEBS,0.4926,167.33,Requests-Tier2,sa-east-1,tier3,INV-1152,LineItem
AmazonVPC,7.3772,132.81,MetricMonitorUsage,eu-west-1,tier3,INV-1153,LineItem
AmazonDynamoDB,25.0231,671.27,PublishUsage,sa-east-1,tier3,INV-1154,LineItem
AmazonSQS,6.3804,358.65,MetricMonitorUsage,sa-east-1,tier3,INV-1155,LineItem
AmazonSNS,33.9923,347.08,Requests-Tier2,us-west-2,tier3,INV-1156,LineItem
AmazonEC2,6.7888,144.82,TimedStorage-ByteHrs,eu-west-1,tier3,INV-1157,LineItem
AmazonRDS,10.486,233.72,PublishUsage,sa-east-1,tier3,INV-1158,LineItem
AmazonEC2,26.3942,394.68,DataTransfer-Out-Bytes,eu-west-1,tier3,INV-1159,LineItem
AmazonEC2,37.963,510.11,BoxUsage:t3.small,us-west-2,tier3,INV-1160,LineItem
AmazonRDS,30.1624,610.35,Lambda-GB-Second,ap-south-1,tier3,INV-1161,LineItem
AmazonVPC,24.2833,270.83,BoxUsage:t3.micro,ap-south-1,tier3,INV-1162,LineItem
AWSLambda,21.7209,614.93,SQS-APIRequest,sa-east-1,tier3,INV-1163,LineItem
AmazonVPC,40.9308,469.74,PublishUsage,us-west-2,tier3,INV-1164,LineItem
AmazonCloudWatch,15.3332,399.1,BoxUsage:t3.small,sa-east-1,tier3,INV-1165,LineItem
AmazonSNS,17.9409,733.88,Lambda-GB-Second,eu-west-1,tier3,INV-1166,LineItem
AmazonS3,7.996,271.15,ReadCapacityUnit-Hrs,ap-south-1,tier3,INV-1167,LineItem
AWSLambda,41.7364,358.62,DataTransfer-Out-Bytes,us-west-2,tier3,INV-1168,LineItem
AmazonEC2,26.9355,5.95,TimedStorage-ByteHrs,us-west-2,tier3,INV-1169,LineItem
AmazonDynamoDB,28.5233,785.45,Requests-Tier1,us-east-1,tier3,INV-1170,LineItem
AmazonEBS,21.493,609.17,MetricMonitorUsage,ap-south-1,tier3,INV-1171,LineItem
AmazonVPC,43.3449,625.63,PublishUsage,eu-west-1,tier3,INV-1172,LineItem
AmazonEBS,5.1435,585.96,TimedStorage-ByteHrs,sa-east-1,tier3,INV-1173,LineItem
AmazonSNS,29.4381,775.86,TimedStorage-ByteHrs,ap-south-1,tier3,INV-1174,LineItem
AmazonCloudWatch,12.9774,587.03,BoxUsage:t3.small,sa-east-1,tier3,INV-1175,LineItem
AmazonSQS,5.5829,32.85,WriteCapacityUnit-Hrs,ap-south-1,tier3,INV-1176,LineItem
AWSLambda,22.0416,788.43,Lambda-GB-Second,ap-south-1,tier3,INV-1177,LineItem
AmazonSNS,18.5268,634.97,TimedStorage-ByteHrs,us-west-2,tier3,INV-1178,LineItem
AmazonSQS,25.0002,641.67,ReadCapacityUnit-Hrs,us-east-1,tier3,INV-1179,LineItem
AmazonEBS,612.4,2048.0,EBS:VolumeUsage.gp2,us-east-1,tier1,INV-9999,LineItem
AmazonEBS,588.1,1990.0,EBS:VolumeUsage.gp3,us-west-2,tier1,INV-9999,LineItem
AmazonEC2,875.25,720.0,BoxUsage:m4.2xlarge,us-east-1,tier2,INV-9999,LineItem
AmazonEC2,"1,240.50",720.0,BoxUsage:m4.4xlarge,eu-west-1,tier2,INV-9999,LineItem
AmazonS3,530.75,15000.0,TimedStorage-ByteHrs,us-east-1,tier3,INV-9999,LineItem
AmazonS3,499.99,14200.0,TimedStorage-ByteHrs,ap-south-1,tier3,INV-9999,LineItem
AmazonRDS,310.0,744.0,Multi-AZ-UsageHours,us-west-2,tier3,INV-9999,LineItem
AmazonRDS,945.6,744.0,Multi-AZ-UsageHours,us-east-1,tier2,INV-9999,LineItem
AmazonVPC,702.3,980000.0,NatGateway-Bytes,us-east-1,tier3,INV-9999,LineItem
AmazonVPC,680.1,910000.0,NatGateway-Bytes,sa-east-1,tier3,INV-9999,LineItem
AmazonEC2,875.25,720.0,BoxUsage:m4.2xlarge,us-east-1,tier2,INV-9999,LineItem
AmazonEC2,875.25,720.0,BoxUsage:m4.2xlarge,us-east-1,tier2,INV-9999,LineItem
AmazonCloudFront,,0.0,Requests-Tier1,us-east-1,tier3,INV-8001,LineItem
AmazonElastiCache,N/A,120.0,NodeUsage:cache.m5.large,us-east-1,tier3,INV-8002,LineItem
AmazonEC2,-42.5,10.0,BoxUsage:t3.micro,us-east-1,tier3,INV-8003,Credit
AmazonRedshift,"2,105.75",744.0,Node:ra3.xlplus,us-east-1,tier3,INV-8004,LineItem
  AmazonEC2  ,12.4,5.0,BoxUsage:t3.micro,us-east-1,tier3,INV-8005,LineItem
AmazonEC2,0.0,0.0,BoxUsage:t3.micro,us-east-1,tier3,INV-8006,LineItem
Total,11553.95,,,,,,
